insert into `t_pt_sys_app` (`id`, `create_by`, `create_date`, `last_modified_by`, `last_modified_date`, `version`, `APP_CNAME`, `APP_KEY`, `APP_NAME`, `APP_SECRET`, `HOSTNAME`, `IS_AVAILABLE`, `ORDERBY`, `WEB_CONTEXT`) values('2','portalUser','2015-10-20 09:43:58','portalUser','2015-11-12 17:20:08','0','知识库','appkey-example','example','appsecret-example','http://localhost:8080','Y','3','example');

insert into `t_pt_sys_resource` (`id`, `create_by`, `create_date`, `last_modified_by`, `last_modified_date`, `version`, `NODE_CODE`, `PARENT_ID`, `APP_ID`, `IS_AVAILABLE`, `ORDERBY`, `PERMISSION_CODE`, `RESOURCE_NAME`, `RESOURCE_TYPE`, `ROUTER_KEY`) values(58,'portalUser','2015-11-11 16:36:58','portalUser','2015-11-12 17:20:35',7,'0000000100000002',1,2,'Y',2,'example:default:default:default','知识库','APP','#');
insert into `t_pt_sys_resource` (`id`, `create_by`, `create_date`, `last_modified_by`, `last_modified_date`, `version`, `NODE_CODE`, `PARENT_ID`, `APP_ID`, `IS_AVAILABLE`, `ORDERBY`, `PERMISSION_CODE`, `RESOURCE_NAME`, `RESOURCE_TYPE`, `ROUTER_KEY`) values(59,'portalUser','2015-11-11 16:38:48','portalUser','2015-11-12 17:25:12',2,'000000010000000200000001',58,2,'Y',2,'example:apidocmgr:default:defaul','开发文档管理','MDL','#');
insert into `t_pt_sys_resource` (`id`, `create_by`, `create_date`, `last_modified_by`, `last_modified_date`, `version`, `NODE_CODE`, `PARENT_ID`, `APP_ID`, `IS_AVAILABLE`, `ORDERBY`, `PERMISSION_CODE`, `RESOURCE_NAME`, `RESOURCE_TYPE`, `ROUTER_KEY`) values(60,'portalUser','2015-11-11 16:40:23','portalUser','2015-11-12 17:25:48',3,'00000001000000020000000100000001',59,2,'Y',3,'example:apidocmgr:api:list','api管理','LNK','api/api-list');
insert into `t_pt_sys_resource` (`id`, `create_by`, `create_date`, `last_modified_by`, `last_modified_date`, `version`, `NODE_CODE`, `PARENT_ID`, `APP_ID`, `IS_AVAILABLE`, `ORDERBY`, `PERMISSION_CODE`, `RESOURCE_NAME`, `RESOURCE_TYPE`, `ROUTER_KEY`,`ROUTER_TEMPLATE_URL`,`ROUTER_TEMPLATE_JS`) values(61,'portalUser','2015-11-12 17:30:52','portalUser','2015-11-12 17:30:52',0,'00000001000000020000000100000002',59,2,'Y',2,'example:apidocmgr:doc:list','doc管理','LNK','doc/doc-list','example?link=example/doc/doc-list','static/dist/doc.js');

insert into `t_pt_sys_resource` (`id`, `create_by`, `create_date`, `last_modified_by`, `last_modified_date`, `version`, `NODE_CODE`, `PARENT_ID`, `APP_ID`, `IS_AVAILABLE`, `ORDERBY`, `PERMISSION_CODE`, `RESOURCE_NAME`, `RESOURCE_TYPE`, `ROUTER_KEY`, `ROUTER_TEMPLATE_JS`, `ROUTER_TEMPLATE_URL`) values('65','B2C_FRONEND_USER','2015-12-21 15:00:12','B2C_FRONEND_USER','2015-12-21 15:00:12','0','0000000100000002000000010000000200000001','61','2','Y','1','example:apidocmgr:doc:add','新增','BTN',NULL,NULL,NULL);
insert into `t_pt_sys_resource` (`id`, `create_by`, `create_date`, `last_modified_by`, `last_modified_date`, `version`, `NODE_CODE`, `PARENT_ID`, `APP_ID`, `IS_AVAILABLE`, `ORDERBY`, `PERMISSION_CODE`, `RESOURCE_NAME`, `RESOURCE_TYPE`, `ROUTER_KEY`, `ROUTER_TEMPLATE_JS`, `ROUTER_TEMPLATE_URL`) values('66','B2C_FRONEND_USER','2015-12-21 15:00:50','B2C_FRONEND_USER','2015-12-21 15:00:50','0','0000000100000002000000010000000200000002','61','2','Y','2','example:apidocmgr:doc:delete','删除','BTN',NULL,NULL,NULL);
insert into `t_pt_sys_resource` (`id`, `create_by`, `create_date`, `last_modified_by`, `last_modified_date`, `version`, `NODE_CODE`, `PARENT_ID`, `APP_ID`, `IS_AVAILABLE`, `ORDERBY`, `PERMISSION_CODE`, `RESOURCE_NAME`, `RESOURCE_TYPE`, `ROUTER_KEY`, `ROUTER_TEMPLATE_JS`, `ROUTER_TEMPLATE_URL`) values('67','B2C_FRONEND_USER','2015-12-21 15:01:30','B2C_FRONEND_USER','2015-12-21 15:01:30','0','0000000100000002000000010000000200000003','61','2','Y','3','example:apidocmgr:doc:update','修改','BTN',NULL,NULL,NULL);
insert into `t_pt_sys_resource` (`id`, `create_by`, `create_date`, `last_modified_by`, `last_modified_date`, `version`, `NODE_CODE`, `PARENT_ID`, `APP_ID`, `IS_AVAILABLE`, `ORDERBY`, `PERMISSION_CODE`, `RESOURCE_NAME`, `RESOURCE_TYPE`, `ROUTER_KEY`, `ROUTER_TEMPLATE_JS`, `ROUTER_TEMPLATE_URL`) values('68',NULL,'1970-01-01 08:00:00','B2C_FRONEND_USER','2016-01-06 11:21:40','6','00000001000000020000000100000003','59','2','Y','2','example:apidocmgr:angularjs:test','angularjs快速入门测试','LNK','angularjs/angularjs-test','static/js/example/angularjs/controller.js','example?link=angularjs/angularjs-test');

insert into `t_pt_sys_resource` (`id`, `create_by`, `create_date`, `last_modified_by`, `last_modified_date`, `version`, `NODE_CODE`, `PARENT_ID`, `APP_ID`, `IS_AVAILABLE`, `ORDERBY`, `PERMISSION_CODE`, `RESOURCE_NAME`, `RESOURCE_TYPE`, `ROUTER_KEY`, `ROUTER_TEMPLATE_JS`, `ROUTER_TEMPLATE_URL`) values('69','B2C_FRONEND_USER','2016-01-07 16:15:11','B2C_FRONEND_USER','2016-01-07 16:20:00','3','00000001000000020000000100000004','59','2','Y','4','example:apidocmgr:angularjs:validate','angularjs-validate','LNK','angularjs/angularjs-validate','static/js/example/angularjs/validate-controller.js','example?link=angularjs/angularjs-validate');

insert into `t_pt_sys_menu` (`id`, `create_by`, `create_date`, `last_modified_by`, `last_modified_date`, `version`, `ICON`, `IS_AVAILABLE`, `MENU_NAME`, `MENU_TYPE`, `ORDERBY`, `PARENT_ID`, `NODE_CODE`,`RESOURCE_ID`) values(13,'portalUser','2015-11-11 16:51:15','portalUser','2015-11-12 17:31:55',1,'fa-bars','Y','知识库','APP',2,1,'0000000100000002',58);
insert into `t_pt_sys_menu` (`id`, `create_by`, `create_date`, `last_modified_by`, `last_modified_date`, `version`, `ICON`, `IS_AVAILABLE`, `MENU_NAME`, `MENU_TYPE`, `ORDERBY`, `PARENT_ID`, `NODE_CODE`,`RESOURCE_ID`) values(14,'portalUser','2015-11-11 16:52:26','portalUser','2015-11-12 17:32:43',1,'fa-asterisk','Y','开发文档管理','MDL',1,13,'000000010000000200000001',59);
insert into `t_pt_sys_menu` (`id`, `create_by`, `create_date`, `last_modified_by`, `last_modified_date`, `version`, `ICON`, `IS_AVAILABLE`, `MENU_NAME`, `MENU_TYPE`, `ORDERBY`, `PARENT_ID`, `NODE_CODE`,`RESOURCE_ID`) values(15,'portalUser','2015-11-11 16:53:30','portalUser','2015-11-12 17:33:21',2,'fa-arrows','Y','api管理','MENU',1,14,'00000001000000020000000100000001',60);
insert into `t_pt_sys_menu` (`id`, `create_by`, `create_date`, `last_modified_by`, `last_modified_date`, `version`, `ICON`, `IS_AVAILABLE`, `MENU_NAME`, `MENU_TYPE`, `ORDERBY`, `PARENT_ID`, `NODE_CODE`,`RESOURCE_ID`) values(16,'portalUser','2015-11-12 17:34:15','portalUser','2015-11-12 17:34:15',0,'fa-arrows','Y','doc管理','MENU',2,14,'00000001000000020000000100000002',61);
insert into `t_pt_sys_menu` (`id`, `create_by`, `create_date`, `last_modified_by`, `last_modified_date`, `version`, `NODE_CODE`, `PARENT_ID`, `ICON`, `IS_AVAILABLE`, `MENU_NAME`, `MENU_TYPE`, `ORDERBY`, `RESOURCE_ID`) values('19',NULL,'1970-01-01 08:00:00',NULL,'1970-01-03 16:00:00','4','00000001000000020000000100000003','14','fa-arrows','Y','angularjs入门测试','MENU','3','68');
insert into `t_pt_sys_menu` (`id`, `create_by`, `create_date`, `last_modified_by`, `last_modified_date`, `version`, `NODE_CODE`, `PARENT_ID`, `ICON`, `IS_AVAILABLE`, `MENU_NAME`, `MENU_TYPE`, `ORDERBY`, `RESOURCE_ID`) values('20','B2C_FRONEND_USER','2016-01-07 16:18:21','B2C_FRONEND_USER','2016-01-07 16:18:21','0','00000001000000020000000100000004','14','fa-arrows','Y','angularjs-validate','MENU','4','69');



INSERT INTO `t_pt_sys_role_menu` (`create_by`, `create_date`, `last_modified_by`, `last_modified_date`, `version`, `MENU_ID`, `ROLE_ID`) VALUES('portalUser','2016-05-25 14:57:03','portalUser','2016-05-25 14:57:07','0','13','1');
INSERT INTO `t_pt_sys_role_menu` (`create_by`, `create_date`, `last_modified_by`, `last_modified_date`, `version`, `MENU_ID`, `ROLE_ID`) VALUES('portalUser','2016-05-25 14:57:03','portalUser','2016-05-25 14:57:07','0','14','1');
INSERT INTO `t_pt_sys_role_menu` (`create_by`, `create_date`, `last_modified_by`, `last_modified_date`, `version`, `MENU_ID`, `ROLE_ID`) VALUES('portalUser','2016-05-25 14:57:03','portalUser','2016-05-25 14:57:07','0','15','1');
INSERT INTO `t_pt_sys_role_menu` (`create_by`, `create_date`, `last_modified_by`, `last_modified_date`, `version`, `MENU_ID`, `ROLE_ID`) VALUES('portalUser','2016-05-25 14:57:03','portalUser','2016-05-25 14:57:07','0','16','1');
INSERT INTO `t_pt_sys_role_menu` (`create_by`, `create_date`, `last_modified_by`, `last_modified_date`, `version`, `MENU_ID`, `ROLE_ID`) VALUES('portalUser','2016-05-25 14:57:03','portalUser','2016-05-25 14:57:07','0','19','1');
INSERT INTO `t_pt_sys_role_menu` (`create_by`, `create_date`, `last_modified_by`, `last_modified_date`, `version`, `MENU_ID`, `ROLE_ID`) VALUES('portalUser','2016-05-25 14:57:03','portalUser','2016-05-25 14:57:07','0','20','1');
