INSERT INTO `t_pt_sys_role_permission` (`create_by`, `create_date`, `last_modified_by`, `last_modified_date`, `version`, `RESOURCE_ID`, `ROLE_ID`) VALUES('B2C_FRONEND_USER','2017-07-17 16:52:35','B2C_FRONEND_USER','2017-07-17 16:52:35','0','908','2');
INSERT INTO `t_pt_sys_role_permission` (`create_by`, `create_date`, `last_modified_by`, `last_modified_date`, `version`, `RESOURCE_ID`, `ROLE_ID`) VALUES('B2C_FRONEND_USER','2017-07-17 16:52:35','B2C_FRONEND_USER','2017-07-17 16:52:35','0','911','2');
INSERT INTO `t_pt_sys_role_permission` (`create_by`, `create_date`, `last_modified_by`, `last_modified_date`, `version`, `RESOURCE_ID`, `ROLE_ID`) VALUES('B2C_FRONEND_USER','2017-07-17 16:52:35','B2C_FRONEND_USER','2017-07-17 16:52:35','0','913','2');
INSERT INTO `t_pt_sys_role_permission` (`create_by`, `create_date`, `last_modified_by`, `last_modified_date`, `version`, `RESOURCE_ID`, `ROLE_ID`) VALUES('B2C_FRONEND_USER','2017-07-17 16:52:35','B2C_FRONEND_USER','2017-07-17 16:52:35','0','918','2');
INSERT INTO `t_pt_sys_role_permission` (`create_by`, `create_date`, `last_modified_by`, `last_modified_date`, `version`, `RESOURCE_ID`, `ROLE_ID`) VALUES('B2C_FRONEND_USER','2017-07-17 16:52:35','B2C_FRONEND_USER','2017-07-17 16:52:35','0','919','2');
INSERT INTO `t_pt_sys_role_permission` (`create_by`, `create_date`, `last_modified_by`, `last_modified_date`, `version`, `RESOURCE_ID`, `ROLE_ID`) VALUES('B2C_FRONEND_USER','2017-07-17 16:52:35','B2C_FRONEND_USER','2017-07-17 16:52:35','0','920','2');
INSERT INTO `t_pt_sys_role_permission` (`create_by`, `create_date`, `last_modified_by`, `last_modified_date`, `version`, `RESOURCE_ID`, `ROLE_ID`) VALUES('B2C_FRONEND_USER','2017-07-17 16:52:35','B2C_FRONEND_USER','2017-07-17 16:52:35','0','921','2');
INSERT INTO `t_pt_sys_role_permission` (`create_by`, `create_date`, `last_modified_by`, `last_modified_date`, `version`, `RESOURCE_ID`, `ROLE_ID`) VALUES('B2C_FRONEND_USER','2017-07-17 16:52:35','B2C_FRONEND_USER','2017-07-17 16:52:35','0','922','2');
INSERT INTO `t_pt_sys_role_permission` (`create_by`, `create_date`, `last_modified_by`, `last_modified_date`, `version`, `RESOURCE_ID`, `ROLE_ID`) VALUES('B2C_FRONEND_USER','2017-07-17 16:52:35','B2C_FRONEND_USER','2017-07-17 16:52:35','0','923','2');
INSERT INTO `t_pt_sys_role_permission` (`create_by`, `create_date`, `last_modified_by`, `last_modified_date`, `version`, `RESOURCE_ID`, `ROLE_ID`) VALUES('B2C_FRONEND_USER','2017-07-17 16:52:35','B2C_FRONEND_USER','2017-07-17 16:52:35','0','928','2');
INSERT INTO `t_pt_sys_role_permission` (`create_by`, `create_date`, `last_modified_by`, `last_modified_date`, `version`, `RESOURCE_ID`, `ROLE_ID`) VALUES('B2C_FRONEND_USER','2017-07-17 16:52:35','B2C_FRONEND_USER','2017-07-17 16:52:35','0','929','2');
INSERT INTO `t_pt_sys_role_permission` (`create_by`, `create_date`, `last_modified_by`, `last_modified_date`, `version`, `RESOURCE_ID`, `ROLE_ID`) VALUES('B2C_FRONEND_USER','2017-07-17 16:52:35','B2C_FRONEND_USER','2017-07-17 16:52:35','0','930','2');
INSERT INTO `t_pt_sys_role_permission` (`create_by`, `create_date`, `last_modified_by`, `last_modified_date`, `version`, `RESOURCE_ID`, `ROLE_ID`) VALUES('B2C_FRONEND_USER','2017-07-17 16:52:35','B2C_FRONEND_USER','2017-07-17 16:52:35','0','931','2');
INSERT INTO `t_pt_sys_role_permission` (`create_by`, `create_date`, `last_modified_by`, `last_modified_date`, `version`, `RESOURCE_ID`, `ROLE_ID`) VALUES('B2C_FRONEND_USER','2017-07-17 16:52:35','B2C_FRONEND_USER','2017-07-17 16:52:35','0','932','2');
INSERT INTO `t_pt_sys_role_permission` (`create_by`, `create_date`, `last_modified_by`, `last_modified_date`, `version`, `RESOURCE_ID`, `ROLE_ID`) VALUES('B2C_FRONEND_USER','2017-07-17 16:52:35','B2C_FRONEND_USER','2017-07-17 16:52:35','0','933','2');
INSERT INTO `t_pt_sys_role_permission` (`create_by`, `create_date`, `last_modified_by`, `last_modified_date`, `version`, `RESOURCE_ID`, `ROLE_ID`) VALUES('B2C_FRONEND_USER','2017-07-17 16:52:35','B2C_FRONEND_USER','2017-07-17 16:52:35','0','934','2');
INSERT INTO `t_pt_sys_role_permission` (`create_by`, `create_date`, `last_modified_by`, `last_modified_date`, `version`, `RESOURCE_ID`, `ROLE_ID`) VALUES('B2C_FRONEND_USER','2017-07-17 16:52:35','B2C_FRONEND_USER','2017-07-17 16:52:35','0','935','2');
INSERT INTO `t_pt_sys_role_permission` (`create_by`, `create_date`, `last_modified_by`, `last_modified_date`, `version`, `RESOURCE_ID`, `ROLE_ID`) VALUES('B2C_FRONEND_USER','2017-07-17 16:52:35','B2C_FRONEND_USER','2017-07-17 16:52:35','0','936','2');
INSERT INTO `t_pt_sys_role_permission` (`create_by`, `create_date`, `last_modified_by`, `last_modified_date`, `version`, `RESOURCE_ID`, `ROLE_ID`) VALUES('B2C_FRONEND_USER','2017-07-17 16:52:35','B2C_FRONEND_USER','2017-07-17 16:52:35','0','937','2');
INSERT INTO `t_pt_sys_role_permission` (`create_by`, `create_date`, `last_modified_by`, `last_modified_date`, `version`, `RESOURCE_ID`, `ROLE_ID`) VALUES('B2C_FRONEND_USER','2017-07-17 16:52:35','B2C_FRONEND_USER','2017-07-17 16:52:35','0','938','2');
INSERT INTO `t_pt_sys_role_permission` (`create_by`, `create_date`, `last_modified_by`, `last_modified_date`, `version`, `RESOURCE_ID`, `ROLE_ID`) VALUES('B2C_FRONEND_USER','2017-07-17 16:52:35','B2C_FRONEND_USER','2017-07-17 16:52:35','0','939','2');
INSERT INTO `t_pt_sys_role_permission` (`create_by`, `create_date`, `last_modified_by`, `last_modified_date`, `version`, `RESOURCE_ID`, `ROLE_ID`) VALUES('B2C_FRONEND_USER','2017-07-17 16:52:35','B2C_FRONEND_USER','2017-07-17 16:52:35','0','940','2');
INSERT INTO `t_pt_sys_role_permission` (`create_by`, `create_date`, `last_modified_by`, `last_modified_date`, `version`, `RESOURCE_ID`, `ROLE_ID`) VALUES('B2C_FRONEND_USER','2017-07-17 16:52:35','B2C_FRONEND_USER','2017-07-17 16:52:35','0','941','2');
INSERT INTO `t_pt_sys_role_permission` (`create_by`, `create_date`, `last_modified_by`, `last_modified_date`, `version`, `RESOURCE_ID`, `ROLE_ID`) VALUES('B2C_FRONEND_USER','2017-07-17 16:52:35','B2C_FRONEND_USER','2017-07-17 16:52:35','0','942','2');
INSERT INTO `t_pt_sys_role_permission` (`create_by`, `create_date`, `last_modified_by`, `last_modified_date`, `version`, `RESOURCE_ID`, `ROLE_ID`) VALUES('B2C_FRONEND_USER','2017-07-17 16:52:35','B2C_FRONEND_USER','2017-07-17 16:52:35','0','943','2');
INSERT INTO `t_pt_sys_role_permission` (`create_by`, `create_date`, `last_modified_by`, `last_modified_date`, `version`, `RESOURCE_ID`, `ROLE_ID`) VALUES('B2C_FRONEND_USER','2017-07-17 16:52:35','B2C_FRONEND_USER','2017-07-17 16:52:35','0','910','2');

INSERT INTO `t_pt_sys_role_menu` (`create_by`, `create_date`, `last_modified_by`, `last_modified_date`, `version`, `MENU_ID`, `ROLE_ID`) VALUES('B2C_FRONEND_USER','2017-07-17 16:48:45','B2C_FRONEND_USER','2017-07-17 16:48:45','0','146','2');
INSERT INTO `t_pt_sys_role_menu` (`create_by`, `create_date`, `last_modified_by`, `last_modified_date`, `version`, `MENU_ID`, `ROLE_ID`) VALUES('B2C_FRONEND_USER','2017-07-17 16:48:45','B2C_FRONEND_USER','2017-07-17 16:48:45','0','147','2');
INSERT INTO `t_pt_sys_role_menu` (`create_by`, `create_date`, `last_modified_by`, `last_modified_date`, `version`, `MENU_ID`, `ROLE_ID`) VALUES('B2C_FRONEND_USER','2017-07-17 16:48:45','B2C_FRONEND_USER','2017-07-17 16:48:45','0','148','2');
INSERT INTO `t_pt_sys_role_menu` (`create_by`, `create_date`, `last_modified_by`, `last_modified_date`, `version`, `MENU_ID`, `ROLE_ID`) VALUES('B2C_FRONEND_USER','2017-07-17 16:48:45','B2C_FRONEND_USER','2017-07-17 16:48:45','0','138','2');
INSERT INTO `t_pt_sys_role_menu` (`create_by`, `create_date`, `last_modified_by`, `last_modified_date`, `version`, `MENU_ID`, `ROLE_ID`) VALUES('B2C_FRONEND_USER','2017-07-17 16:48:45','B2C_FRONEND_USER','2017-07-17 16:48:45','0','139','2');
INSERT INTO `t_pt_sys_role_menu` (`create_by`, `create_date`, `last_modified_by`, `last_modified_date`, `version`, `MENU_ID`, `ROLE_ID`) VALUES('B2C_FRONEND_USER','2017-07-17 16:48:45','B2C_FRONEND_USER','2017-07-17 16:48:45','0','140','2');
INSERT INTO `t_pt_sys_role_menu` (`create_by`, `create_date`, `last_modified_by`, `last_modified_date`, `version`, `MENU_ID`, `ROLE_ID`) VALUES('B2C_FRONEND_USER','2017-07-17 16:48:45','B2C_FRONEND_USER','2017-07-17 16:48:45','0','141','2');
INSERT INTO `t_pt_sys_role_menu` (`create_by`, `create_date`, `last_modified_by`, `last_modified_date`, `version`, `MENU_ID`, `ROLE_ID`) VALUES('B2C_FRONEND_USER','2017-07-17 16:48:45','B2C_FRONEND_USER','2017-07-17 16:48:45','0','142','2');
INSERT INTO `t_pt_sys_role_menu` (`create_by`, `create_date`, `last_modified_by`, `last_modified_date`, `version`, `MENU_ID`, `ROLE_ID`) VALUES('B2C_FRONEND_USER','2017-07-17 16:48:45','B2C_FRONEND_USER','2017-07-17 16:48:45','0','143','2');
INSERT INTO `t_pt_sys_role_menu` (`create_by`, `create_date`, `last_modified_by`, `last_modified_date`, `version`, `MENU_ID`, `ROLE_ID`) VALUES('B2C_FRONEND_USER','2017-07-17 16:48:45','B2C_FRONEND_USER','2017-07-17 16:48:45','0','144','2');
INSERT INTO `t_pt_sys_role_menu` (`create_by`, `create_date`, `last_modified_by`, `last_modified_date`, `version`, `MENU_ID`, `ROLE_ID`) VALUES('B2C_FRONEND_USER','2017-07-17 16:48:45','B2C_FRONEND_USER','2017-07-17 16:48:45','0','145','2');

INSERT INTO `t_pt_sys_menu` (`id`, `create_by`, `create_date`, `last_modified_by`, `last_modified_date`, `version`, `NODE_CODE`, `PARENT_ID`, `ICON`, `IS_AVAILABLE`, `MENU_NAME`, `MENU_TYPE`, `ORDERBY`, `RESOURCE_ID`) VALUES('146','admin','2017-08-11 11:23:51','admin','2017-08-11 11:23:51','0','0000000100000012','1','icon-kehuguanli','Y','微店管理','APP','12','906');
INSERT INTO `t_pt_sys_menu` (`id`, `create_by`, `create_date`, `last_modified_by`, `last_modified_date`, `version`, `NODE_CODE`, `PARENT_ID`, `ICON`, `IS_AVAILABLE`, `MENU_NAME`, `MENU_TYPE`, `ORDERBY`, `RESOURCE_ID`) VALUES('147','admin','2017-08-11 11:24:30','admin','2017-08-11 11:24:30','0','000000010000001200000001','135','icon-kehuguanli','Y','二维码推广','MENU','1','907');
INSERT INTO `t_pt_sys_menu` (`id`, `create_by`, `create_date`, `last_modified_by`, `last_modified_date`, `version`, `NODE_CODE`, `PARENT_ID`, `ICON`, `IS_AVAILABLE`, `MENU_NAME`, `MENU_TYPE`, `ORDERBY`, `RESOURCE_ID`) VALUES('148','admin','2017-08-11 11:24:56','admin','2017-08-11 11:24:56','0','000000010000001200000002','135','icon-kehuguanli','Y','粉丝管理','MENU','2','909');
INSERT INTO `t_pt_sys_menu` (`id`, `create_by`, `create_date`, `last_modified_by`, `last_modified_date`, `version`, `NODE_CODE`, `PARENT_ID`, `ICON`, `IS_AVAILABLE`, `MENU_NAME`, `MENU_TYPE`, `ORDERBY`, `RESOURCE_ID`) VALUES('138','admin','2017-08-11 11:25:20','admin','2017-08-11 11:25:20','0','000000010000001200000003','135','icon-kehuguanli','Y','门店管理','MENU','2','911');
INSERT INTO `t_pt_sys_menu` (`id`, `create_by`, `create_date`, `last_modified_by`, `last_modified_date`, `version`, `NODE_CODE`, `PARENT_ID`, `ICON`, `IS_AVAILABLE`, `MENU_NAME`, `MENU_TYPE`, `ORDERBY`, `RESOURCE_ID`) VALUES('139','admin','2017-08-11 11:25:42','admin','2017-08-11 11:25:42','0','000000010000001200000004','135','icon-kehuguanli','Y','装修管理','MENU','4','914');
INSERT INTO `t_pt_sys_menu` (`id`, `create_by`, `create_date`, `last_modified_by`, `last_modified_date`, `version`, `NODE_CODE`, `PARENT_ID`, `ICON`, `IS_AVAILABLE`, `MENU_NAME`, `MENU_TYPE`, `ORDERBY`, `RESOURCE_ID`) VALUES('140','admin','2017-08-11 11:27:21','admin','2017-08-11 11:27:21','0','000000010000001200000005','135','icon-kehuguanli','Y','订单管理','MDL','5','916');
INSERT INTO `t_pt_sys_menu` (`id`, `create_by`, `create_date`, `last_modified_by`, `last_modified_date`, `version`, `NODE_CODE`, `PARENT_ID`, `ICON`, `IS_AVAILABLE`, `MENU_NAME`, `MENU_TYPE`, `ORDERBY`, `RESOURCE_ID`) VALUES('141','admin','2017-08-11 11:27:59','admin','2017-08-11 11:27:59','0','00000001000000120000000500000001','140','icon-kehuguanli','Y','全部订单','MENU','1','917');
INSERT INTO `t_pt_sys_menu` (`id`, `create_by`, `create_date`, `last_modified_by`, `last_modified_date`, `version`, `NODE_CODE`, `PARENT_ID`, `ICON`, `IS_AVAILABLE`, `MENU_NAME`, `MENU_TYPE`, `ORDERBY`, `RESOURCE_ID`) VALUES('142','admin','2017-08-11 11:28:26','admin','2017-08-11 11:28:26','0','00000001000000120000000500000002','140','icon-kehuguanli','Y','待发货订单','MENU','2','924');
INSERT INTO `t_pt_sys_menu` (`id`, `create_by`, `create_date`, `last_modified_by`, `last_modified_date`, `version`, `NODE_CODE`, `PARENT_ID`, `ICON`, `IS_AVAILABLE`, `MENU_NAME`, `MENU_TYPE`, `ORDERBY`, `RESOURCE_ID`) VALUES('143','admin','2017-08-11 11:28:47','admin','2017-08-11 11:28:47','0','00000001000000120000000500000003','140','icon-kehuguanli','Y','已发货订单','MENU','3','925');
INSERT INTO `t_pt_sys_menu` (`id`, `create_by`, `create_date`, `last_modified_by`, `last_modified_date`, `version`, `NODE_CODE`, `PARENT_ID`, `ICON`, `IS_AVAILABLE`, `MENU_NAME`, `MENU_TYPE`, `ORDERBY`, `RESOURCE_ID`) VALUES('144','admin','2017-08-11 11:29:06','admin','2017-08-11 11:29:06','0','00000001000000120000000500000004','140','icon-kehuguanli','Y','已完成订单','MENU','4','926');
INSERT INTO `t_pt_sys_menu` (`id`, `create_by`, `create_date`, `last_modified_by`, `last_modified_date`, `version`, `NODE_CODE`, `PARENT_ID`, `ICON`, `IS_AVAILABLE`, `MENU_NAME`, `MENU_TYPE`, `ORDERBY`, `RESOURCE_ID`) VALUES('145','admin','2017-08-11 11:29:25','admin','2017-08-11 11:29:25','0','00000001000000120000000500000005','140','icon-kehuguanli','Y','已关闭订单','MENU','5','927');

INSERT INTO `t_pt_sys_resource` (`id`, `create_by`, `create_date`, `last_modified_by`, `last_modified_date`, `version`, `NODE_CODE`, `PARENT_ID`, `APP_ID`, `IS_AVAILABLE`, `ORDERBY`, `PERMISSION_CODE`, `RESOURCE_NAME`, `RESOURCE_TYPE`, `ROUTER_KEY`, `ROUTER_TEMPLATE_JS`, `ROUTER_TEMPLATE_URL`) VALUES('906','admin','2017-08-11 09:50:41','admin','2017-08-11 09:50:41','0','0000000100000012','1','1','Y','12','weshop:default:default:default','微店管理','APP','#','#',NULL);
INSERT INTO `t_pt_sys_resource` (`id`, `create_by`, `create_date`, `last_modified_by`, `last_modified_date`, `version`, `NODE_CODE`, `PARENT_ID`, `APP_ID`, `IS_AVAILABLE`, `ORDERBY`, `PERMISSION_CODE`, `RESOURCE_NAME`, `RESOURCE_TYPE`, `ROUTER_KEY`, `ROUTER_TEMPLATE_JS`, `ROUTER_TEMPLATE_URL`) VALUES('907','admin','2017-08-11 09:55:35','admin','2017-08-11 09:55:35','0','000000010000001200000001','906','1','Y','1','weshop:qrcodepromote:list:default','二维码推广','LNK','weshop/qrCodePromote-list','static/dist/qrCodePromote.js',NULL);
INSERT INTO `t_pt_sys_resource` (`id`, `create_by`, `create_date`, `last_modified_by`, `last_modified_date`, `version`, `NODE_CODE`, `PARENT_ID`, `APP_ID`, `IS_AVAILABLE`, `ORDERBY`, `PERMISSION_CODE`, `RESOURCE_NAME`, `RESOURCE_TYPE`, `ROUTER_KEY`, `ROUTER_TEMPLATE_JS`, `ROUTER_TEMPLATE_URL`) VALUES('908','admin','2017-08-11 09:57:15','admin','2017-08-11 09:57:15','0','00000001000000120000000100000001','907','1','Y','1','weshop:qrcodepromote:list:download','点击下载','BTN','#','#',NULL);
INSERT INTO `t_pt_sys_resource` (`id`, `create_by`, `create_date`, `last_modified_by`, `last_modified_date`, `version`, `NODE_CODE`, `PARENT_ID`, `APP_ID`, `IS_AVAILABLE`, `ORDERBY`, `PERMISSION_CODE`, `RESOURCE_NAME`, `RESOURCE_TYPE`, `ROUTER_KEY`, `ROUTER_TEMPLATE_JS`, `ROUTER_TEMPLATE_URL`) VALUES('909','admin','2017-08-11 10:01:31','admin','2017-08-11 10:01:31','0','000000010000001200000002','906','1','Y','2','weshop:fans:list:default','粉丝管理','LNK','weshop/fans-list','static/dist/fans.js',NULL);
INSERT INTO `t_pt_sys_resource` (`id`, `create_by`, `create_date`, `last_modified_by`, `last_modified_date`, `version`, `NODE_CODE`, `PARENT_ID`, `APP_ID`, `IS_AVAILABLE`, `ORDERBY`, `PERMISSION_CODE`, `RESOURCE_NAME`, `RESOURCE_TYPE`, `ROUTER_KEY`, `ROUTER_TEMPLATE_JS`, `ROUTER_TEMPLATE_URL`) VALUES('910','admin','2017-08-11 10:06:07','admin','2017-08-11 10:06:07','0','00000001000000120000000200000001','910','1','Y','1','weshop:fans:list:remark','修改备注','BTN','#','#',NULL);
INSERT INTO `t_pt_sys_resource` (`id`, `create_by`, `create_date`, `last_modified_by`, `last_modified_date`, `version`, `NODE_CODE`, `PARENT_ID`, `APP_ID`, `IS_AVAILABLE`, `ORDERBY`, `PERMISSION_CODE`, `RESOURCE_NAME`, `RESOURCE_TYPE`, `ROUTER_KEY`, `ROUTER_TEMPLATE_JS`, `ROUTER_TEMPLATE_URL`) VALUES('911','admin','2017-08-11 10:09:35','admin','2017-08-11 10:09:35','0','000000010000001200000003','906','1','Y','3','weshop:weshopmgr:default:default','门店管理','LNK','weshop/weshop-mgr','static/dist/weshopMgr.js',NULL);
INSERT INTO `t_pt_sys_resource` (`id`, `create_by`, `create_date`, `last_modified_by`, `last_modified_date`, `version`, `NODE_CODE`, `PARENT_ID`, `APP_ID`, `IS_AVAILABLE`, `ORDERBY`, `PERMISSION_CODE`, `RESOURCE_NAME`, `RESOURCE_TYPE`, `ROUTER_KEY`, `ROUTER_TEMPLATE_JS`, `ROUTER_TEMPLATE_URL`) VALUES('912','admin','2017-08-11 10:10:21','admin','2017-08-11 10:10:21','0','00000001000000120000000300000001','912','1','Y','1','weshop:weshopmgr:save:default','保存','BTN','#','#',NULL);
INSERT INTO `t_pt_sys_resource` (`id`, `create_by`, `create_date`, `last_modified_by`, `last_modified_date`, `version`, `NODE_CODE`, `PARENT_ID`, `APP_ID`, `IS_AVAILABLE`, `ORDERBY`, `PERMISSION_CODE`, `RESOURCE_NAME`, `RESOURCE_TYPE`, `ROUTER_KEY`, `ROUTER_TEMPLATE_JS`, `ROUTER_TEMPLATE_URL`) VALUES('913','admin','2017-08-11 10:15:24','admin','2017-08-11 10:15:24','0','000000010000001200000004','906','1','Y','4','weshop:decorate:default:default','装修管理','LNK','weshop/decorate-mgr','static/dist/decorate.js',NULL);
INSERT INTO `t_pt_sys_resource` (`id`, `create_by`, `create_date`, `last_modified_by`, `last_modified_date`, `version`, `NODE_CODE`, `PARENT_ID`, `APP_ID`, `IS_AVAILABLE`, `ORDERBY`, `PERMISSION_CODE`, `RESOURCE_NAME`, `RESOURCE_TYPE`, `ROUTER_KEY`, `ROUTER_TEMPLATE_JS`, `ROUTER_TEMPLATE_URL`) VALUES('914','admin','2017-08-11 10:35:18','admin','2017-08-11 10:35:18','0','000000010000001200000005','906','1','Y','5','weshop:order:default:default','订单管理','MDL','#','#',NULL);
INSERT INTO `t_pt_sys_resource` (`id`, `create_by`, `create_date`, `last_modified_by`, `last_modified_date`, `version`, `NODE_CODE`, `PARENT_ID`, `APP_ID`, `IS_AVAILABLE`, `ORDERBY`, `PERMISSION_CODE`, `RESOURCE_NAME`, `RESOURCE_TYPE`, `ROUTER_KEY`, `ROUTER_TEMPLATE_JS`, `ROUTER_TEMPLATE_URL`) VALUES('915','admin','2017-08-11 10:38:27','admin','2017-08-11 10:38:27','0','00000001000000120000000500000001','916','1','Y','1','weshop:order:allorder:default','全部订单','LNK','weshop/allOrder-list','static/dist/allOrder.js',NULL);
INSERT INTO `t_pt_sys_resource` (`id`, `create_by`, `create_date`, `last_modified_by`, `last_modified_date`, `version`, `NODE_CODE`, `PARENT_ID`, `APP_ID`, `IS_AVAILABLE`, `ORDERBY`, `PERMISSION_CODE`, `RESOURCE_NAME`, `RESOURCE_TYPE`, `ROUTER_KEY`, `ROUTER_TEMPLATE_JS`, `ROUTER_TEMPLATE_URL`) VALUES('916','admin','2017-08-11 10:41:34','admin','2017-08-11 10:41:34','0','0000000100000012000000050000000100000001','917','1','Y','1','weshop:order:allorder:send','立即发货','BTN','#','#',NULL);
INSERT INTO `t_pt_sys_resource` (`id`, `create_by`, `create_date`, `last_modified_by`, `last_modified_date`, `version`, `NODE_CODE`, `PARENT_ID`, `APP_ID`, `IS_AVAILABLE`, `ORDERBY`, `PERMISSION_CODE`, `RESOURCE_NAME`, `RESOURCE_TYPE`, `ROUTER_KEY`, `ROUTER_TEMPLATE_JS`, `ROUTER_TEMPLATE_URL`) VALUES('917','admin','2017-08-11 10:43:01','admin','2017-08-11 10:43:01','0','0000000100000012000000050000000100000002','917','1','Y','2','weshop:order:allorder:confirm','确认送达','BTN','#','#',NULL);
INSERT INTO `t_pt_sys_resource` (`id`, `create_by`, `create_date`, `last_modified_by`, `last_modified_date`, `version`, `NODE_CODE`, `PARENT_ID`, `APP_ID`, `IS_AVAILABLE`, `ORDERBY`, `PERMISSION_CODE`, `RESOURCE_NAME`, `RESOURCE_TYPE`, `ROUTER_KEY`, `ROUTER_TEMPLATE_JS`, `ROUTER_TEMPLATE_URL`) VALUES('918','admin','2017-08-11 10:44:02','admin','2017-08-11 10:44:02','0','0000000100000012000000050000000100000003','917','1','Y','3','weshop:order:allorder:close','关闭订单','BTN','#','#',NULL);
INSERT INTO `t_pt_sys_resource` (`id`, `create_by`, `create_date`, `last_modified_by`, `last_modified_date`, `version`, `NODE_CODE`, `PARENT_ID`, `APP_ID`, `IS_AVAILABLE`, `ORDERBY`, `PERMISSION_CODE`, `RESOURCE_NAME`, `RESOURCE_TYPE`, `ROUTER_KEY`, `ROUTER_TEMPLATE_JS`, `ROUTER_TEMPLATE_URL`) VALUES('919','admin','2017-08-11 10:45:31','admin','2017-08-11 10:45:31','0','0000000100000012000000050000000100000004','917','1','Y','4','weshop:order:allorder:detail','查看详情','BTN','#','#',NULL);
INSERT INTO `t_pt_sys_resource` (`id`, `create_by`, `create_date`, `last_modified_by`, `last_modified_date`, `version`, `NODE_CODE`, `PARENT_ID`, `APP_ID`, `IS_AVAILABLE`, `ORDERBY`, `PERMISSION_CODE`, `RESOURCE_NAME`, `RESOURCE_TYPE`, `ROUTER_KEY`, `ROUTER_TEMPLATE_JS`, `ROUTER_TEMPLATE_URL`) VALUES('920','admin','2017-08-11 10:46:03','admin','2017-08-11 10:46:03','0','0000000100000012000000050000000100000005','917','1','Y','5','weshop:order:allorder:remark','备注','BTN','#','#',NULL);
INSERT INTO `t_pt_sys_resource` (`id`, `create_by`, `create_date`, `last_modified_by`, `last_modified_date`, `version`, `NODE_CODE`, `PARENT_ID`, `APP_ID`, `IS_AVAILABLE`, `ORDERBY`, `PERMISSION_CODE`, `RESOURCE_NAME`, `RESOURCE_TYPE`, `ROUTER_KEY`, `ROUTER_TEMPLATE_JS`, `ROUTER_TEMPLATE_URL`) VALUES('921','admin','2017-08-11 10:47:13','admin','2017-08-11 10:47:13','0','0000000100000012000000050000000100000006','917','1','Y','6','weshop:order:allorder:print','打印','BTN','#','#',NULL);
INSERT INTO `t_pt_sys_resource` (`id`, `create_by`, `create_date`, `last_modified_by`, `last_modified_date`, `version`, `NODE_CODE`, `PARENT_ID`, `APP_ID`, `IS_AVAILABLE`, `ORDERBY`, `PERMISSION_CODE`, `RESOURCE_NAME`, `RESOURCE_TYPE`, `ROUTER_KEY`, `ROUTER_TEMPLATE_JS`, `ROUTER_TEMPLATE_URL`) VALUES('922','admin','2017-08-11 10:50:04','admin','2017-08-11 10:50:04','0','00000001000000120000000500000002','916','1','Y','2','weshop:order:tosendorder:default','待发货订单','LNK','weshop/toSendOrder-list','static/dist/toSendOrder.js',NULL);
INSERT INTO `t_pt_sys_resource` (`id`, `create_by`, `create_date`, `last_modified_by`, `last_modified_date`, `version`, `NODE_CODE`, `PARENT_ID`, `APP_ID`, `IS_AVAILABLE`, `ORDERBY`, `PERMISSION_CODE`, `RESOURCE_NAME`, `RESOURCE_TYPE`, `ROUTER_KEY`, `ROUTER_TEMPLATE_JS`, `ROUTER_TEMPLATE_URL`) VALUES('923','admin','2017-08-11 10:51:17','admin','2017-08-11 10:51:17','0','00000001000000120000000500000003','916','1','Y','3','weshop:order:sendorder:default','已发货订单','LNK','weshop/sendOrder-list','static/dist/sendOrder.js',NULL);
INSERT INTO `t_pt_sys_resource` (`id`, `create_by`, `create_date`, `last_modified_by`, `last_modified_date`, `version`, `NODE_CODE`, `PARENT_ID`, `APP_ID`, `IS_AVAILABLE`, `ORDERBY`, `PERMISSION_CODE`, `RESOURCE_NAME`, `RESOURCE_TYPE`, `ROUTER_KEY`, `ROUTER_TEMPLATE_JS`, `ROUTER_TEMPLATE_URL`) VALUES('924','admin','2017-08-11 10:52:16','admin','2017-08-11 10:52:16','0','00000001000000120000000500000004','916','1','Y','4','weshop:order:finishorder:default','已完成订单','LNK','weshop/finishOrder-list','static/dist/finishOrder.js',NULL);
INSERT INTO `t_pt_sys_resource` (`id`, `create_by`, `create_date`, `last_modified_by`, `last_modified_date`, `version`, `NODE_CODE`, `PARENT_ID`, `APP_ID`, `IS_AVAILABLE`, `ORDERBY`, `PERMISSION_CODE`, `RESOURCE_NAME`, `RESOURCE_TYPE`, `ROUTER_KEY`, `ROUTER_TEMPLATE_JS`, `ROUTER_TEMPLATE_URL`) VALUES('925','admin','2017-08-11 10:53:13','admin','2017-08-11 10:53:13','0','00000001000000120000000500000005','916','1','Y','5','weshop:order:closeorder:default','已关闭订单','LNK','weshop/closeOrder-list','static/dist/closeOrder.js',NULL);
INSERT INTO `t_pt_sys_resource` (`id`, `create_by`, `create_date`, `last_modified_by`, `last_modified_date`, `version`, `NODE_CODE`, `PARENT_ID`, `APP_ID`, `IS_AVAILABLE`, `ORDERBY`, `PERMISSION_CODE`, `RESOURCE_NAME`, `RESOURCE_TYPE`, `ROUTER_KEY`, `ROUTER_TEMPLATE_JS`, `ROUTER_TEMPLATE_URL`) VALUES('926','admin','2017-08-11 10:55:02','admin','2017-08-11 10:55:02','0','0000000100000012000000050000000200000001','924','1','Y','1','weshop:order:tosendorder:send','立即发货','BTN','#','#',NULL);
INSERT INTO `t_pt_sys_resource` (`id`, `create_by`, `create_date`, `last_modified_by`, `last_modified_date`, `version`, `NODE_CODE`, `PARENT_ID`, `APP_ID`, `IS_AVAILABLE`, `ORDERBY`, `PERMISSION_CODE`, `RESOURCE_NAME`, `RESOURCE_TYPE`, `ROUTER_KEY`, `ROUTER_TEMPLATE_JS`, `ROUTER_TEMPLATE_URL`) VALUES('927','admin','2017-08-11 10:56:44','admin','2017-08-11 10:56:44','0','0000000100000012000000050000000200000002','924','1','Y','2','weshop:order:tosendorder:close','关闭订单','BTN','#','#',NULL);
INSERT INTO `t_pt_sys_resource` (`id`, `create_by`, `create_date`, `last_modified_by`, `last_modified_date`, `version`, `NODE_CODE`, `PARENT_ID`, `APP_ID`, `IS_AVAILABLE`, `ORDERBY`, `PERMISSION_CODE`, `RESOURCE_NAME`, `RESOURCE_TYPE`, `ROUTER_KEY`, `ROUTER_TEMPLATE_JS`, `ROUTER_TEMPLATE_URL`) VALUES('928','admin','2017-08-11 10:57:58','admin','2017-08-11 10:57:58','0','0000000100000012000000050000000200000003','924','1','Y','3','weshop:order:tosendorder:detail','查看详情','BTN','#','#',NULL);
INSERT INTO `t_pt_sys_resource` (`id`, `create_by`, `create_date`, `last_modified_by`, `last_modified_date`, `version`, `NODE_CODE`, `PARENT_ID`, `APP_ID`, `IS_AVAILABLE`, `ORDERBY`, `PERMISSION_CODE`, `RESOURCE_NAME`, `RESOURCE_TYPE`, `ROUTER_KEY`, `ROUTER_TEMPLATE_JS`, `ROUTER_TEMPLATE_URL`) VALUES('929','admin','2017-08-11 10:58:39','admin','2017-08-11 10:58:39','0','0000000100000012000000050000000200000004','924','1','Y','4','weshop:order:tosendorder:remark','备注','BTN','#','#',NULL);
INSERT INTO `t_pt_sys_resource` (`id`, `create_by`, `create_date`, `last_modified_by`, `last_modified_date`, `version`, `NODE_CODE`, `PARENT_ID`, `APP_ID`, `IS_AVAILABLE`, `ORDERBY`, `PERMISSION_CODE`, `RESOURCE_NAME`, `RESOURCE_TYPE`, `ROUTER_KEY`, `ROUTER_TEMPLATE_JS`, `ROUTER_TEMPLATE_URL`) VALUES('930','admin','2017-08-11 11:00:18','admin','2017-08-11 11:00:18','0','0000000100000012000000050000000200000005','924','1','Y','5','weshop:order:tosendorder:print','打印','BTN','#','#',NULL);
INSERT INTO `t_pt_sys_resource` (`id`, `create_by`, `create_date`, `last_modified_by`, `last_modified_date`, `version`, `NODE_CODE`, `PARENT_ID`, `APP_ID`, `IS_AVAILABLE`, `ORDERBY`, `PERMISSION_CODE`, `RESOURCE_NAME`, `RESOURCE_TYPE`, `ROUTER_KEY`, `ROUTER_TEMPLATE_JS`, `ROUTER_TEMPLATE_URL`) VALUES('931','admin','2017-08-11 11:02:03','admin','2017-08-11 11:02:03','0','0000000100000012000000050000000300000001','925','1','Y','1','weshop:order:sendorder:confirm','确认送达','BTN','#','#',NULL);
INSERT INTO `t_pt_sys_resource` (`id`, `create_by`, `create_date`, `last_modified_by`, `last_modified_date`, `version`, `NODE_CODE`, `PARENT_ID`, `APP_ID`, `IS_AVAILABLE`, `ORDERBY`, `PERMISSION_CODE`, `RESOURCE_NAME`, `RESOURCE_TYPE`, `ROUTER_KEY`, `ROUTER_TEMPLATE_JS`, `ROUTER_TEMPLATE_URL`) VALUES('932','admin','2017-08-11 11:02:53','admin','2017-08-11 11:02:53','0','0000000100000012000000050000000300000002','925','1','Y','2','weshop:order:sendorder:close','关闭订单','BTN','#','#',NULL);
INSERT INTO `t_pt_sys_resource` (`id`, `create_by`, `create_date`, `last_modified_by`, `last_modified_date`, `version`, `NODE_CODE`, `PARENT_ID`, `APP_ID`, `IS_AVAILABLE`, `ORDERBY`, `PERMISSION_CODE`, `RESOURCE_NAME`, `RESOURCE_TYPE`, `ROUTER_KEY`, `ROUTER_TEMPLATE_JS`, `ROUTER_TEMPLATE_URL`) VALUES('933','admin','2017-08-11 10:57:58','admin','2017-08-11 10:57:58','0','0000000100000012000000050000000300000003','925','1','Y','3','weshop:order:sendorder:detail','查看详情','BTN','#','#',NULL);
INSERT INTO `t_pt_sys_resource` (`id`, `create_by`, `create_date`, `last_modified_by`, `last_modified_date`, `version`, `NODE_CODE`, `PARENT_ID`, `APP_ID`, `IS_AVAILABLE`, `ORDERBY`, `PERMISSION_CODE`, `RESOURCE_NAME`, `RESOURCE_TYPE`, `ROUTER_KEY`, `ROUTER_TEMPLATE_JS`, `ROUTER_TEMPLATE_URL`) VALUES('934','admin','2017-08-11 10:58:39','admin','2017-08-11 10:58:39','0','0000000100000012000000050000000300000004','925','1','Y','4','weshop:order:sendorder:remark','备注','BTN','#','#',NULL);
INSERT INTO `t_pt_sys_resource` (`id`, `create_by`, `create_date`, `last_modified_by`, `last_modified_date`, `version`, `NODE_CODE`, `PARENT_ID`, `APP_ID`, `IS_AVAILABLE`, `ORDERBY`, `PERMISSION_CODE`, `RESOURCE_NAME`, `RESOURCE_TYPE`, `ROUTER_KEY`, `ROUTER_TEMPLATE_JS`, `ROUTER_TEMPLATE_URL`) VALUES('935','admin','2017-08-11 11:00:18','admin','2017-08-11 11:00:18','0','0000000100000012000000050000000300000005','925','1','Y','5','weshop:order:sendorder:print','打印','BTN','#','#',NULL);
INSERT INTO `t_pt_sys_resource` (`id`, `create_by`, `create_date`, `last_modified_by`, `last_modified_date`, `version`, `NODE_CODE`, `PARENT_ID`, `APP_ID`, `IS_AVAILABLE`, `ORDERBY`, `PERMISSION_CODE`, `RESOURCE_NAME`, `RESOURCE_TYPE`, `ROUTER_KEY`, `ROUTER_TEMPLATE_JS`, `ROUTER_TEMPLATE_URL`) VALUES('936','admin','2017-08-11 10:57:58','admin','2017-08-11 10:57:58','0','0000000100000012000000050000000400000001','926','1','Y','1','weshop:order:finishorder:detail','查看详情','BTN','#','#',NULL);
INSERT INTO `t_pt_sys_resource` (`id`, `create_by`, `create_date`, `last_modified_by`, `last_modified_date`, `version`, `NODE_CODE`, `PARENT_ID`, `APP_ID`, `IS_AVAILABLE`, `ORDERBY`, `PERMISSION_CODE`, `RESOURCE_NAME`, `RESOURCE_TYPE`, `ROUTER_KEY`, `ROUTER_TEMPLATE_JS`, `ROUTER_TEMPLATE_URL`) VALUES('937','admin','2017-08-11 10:58:39','admin','2017-08-11 10:58:39','0','0000000100000012000000050000000400000002','926','1','Y','2','weshop:order:finishorder:remark','备注','BTN','#','#',NULL);
INSERT INTO `t_pt_sys_resource` (`id`, `create_by`, `create_date`, `last_modified_by`, `last_modified_date`, `version`, `NODE_CODE`, `PARENT_ID`, `APP_ID`, `IS_AVAILABLE`, `ORDERBY`, `PERMISSION_CODE`, `RESOURCE_NAME`, `RESOURCE_TYPE`, `ROUTER_KEY`, `ROUTER_TEMPLATE_JS`, `ROUTER_TEMPLATE_URL`) VALUES('938','admin','2017-08-11 11:00:18','admin','2017-08-11 11:00:18','0','0000000100000012000000050000000400000003','926','1','Y','3','weshop:order:finishorder:print','打印','BTN','#','#',NULL);
INSERT INTO `t_pt_sys_resource` (`id`, `create_by`, `create_date`, `last_modified_by`, `last_modified_date`, `version`, `NODE_CODE`, `PARENT_ID`, `APP_ID`, `IS_AVAILABLE`, `ORDERBY`, `PERMISSION_CODE`, `RESOURCE_NAME`, `RESOURCE_TYPE`, `ROUTER_KEY`, `ROUTER_TEMPLATE_JS`, `ROUTER_TEMPLATE_URL`) VALUES('939','admin','2017-08-11 10:57:58','admin','2017-08-11 10:57:58','0','0000000100000012000000050000000500000001','927','1','Y','1','weshop:order:closehorder:detail','查看详情','BTN','#','#',NULL);
INSERT INTO `t_pt_sys_resource` (`id`, `create_by`, `create_date`, `last_modified_by`, `last_modified_date`, `version`, `NODE_CODE`, `PARENT_ID`, `APP_ID`, `IS_AVAILABLE`, `ORDERBY`, `PERMISSION_CODE`, `RESOURCE_NAME`, `RESOURCE_TYPE`, `ROUTER_KEY`, `ROUTER_TEMPLATE_JS`, `ROUTER_TEMPLATE_URL`) VALUES('940','admin','2017-08-11 10:58:39','admin','2017-08-11 10:58:39','0','0000000100000012000000050000000500000002','927','1','Y','2','weshop:order:closehorder:remark','备注','BTN','#','#',NULL);
INSERT INTO `t_pt_sys_resource` (`id`, `create_by`, `create_date`, `last_modified_by`, `last_modified_date`, `version`, `NODE_CODE`, `PARENT_ID`, `APP_ID`, `IS_AVAILABLE`, `ORDERBY`, `PERMISSION_CODE`, `RESOURCE_NAME`, `RESOURCE_TYPE`, `ROUTER_KEY`, `ROUTER_TEMPLATE_JS`, `ROUTER_TEMPLATE_URL`) VALUES('941','admin','2017-08-11 11:00:18','admin','2017-08-11 11:00:18','0','0000000100000012000000050000000500000003','927','1','Y','3','weshop:order:closehorder:print','打印','BTN','#','#',NULL);
