insert into `t_pt_sys_resource` (`id`, `create_by`, `create_date`, `last_modified_by`, `last_modified_date`, `version`, `NODE_CODE`, `PARENT_ID`, `APP_ID`, `IS_AVAILABLE`, `ORDERBY`, `PERMISSION_CODE`, `RESOURCE_NAME`, `RESOURCE_TYPE`, `ROUTER_KEY`, `ROUTER_TEMPLATE_JS`, `ROUTER_TEMPLATE_URL`) values('955','portalUser','2017-07-11 17:37:19','portalUser','2017-07-11 17:37:19','0','00000001000000100000000100000003','861','1','Y','3','pharmaceuticalCare:combination:portalCombinationCategory:list','联合用药分类','LNK','pharmaceuticalCare/portalCombinationCategory-list','static/dist/portalCombinationCategory.js',NULL);
insert into `t_pt_sys_resource` (`id`, `create_by`, `create_date`, `last_modified_by`, `last_modified_date`, `version`, `NODE_CODE`, `PARENT_ID`, `APP_ID`, `IS_AVAILABLE`, `ORDERBY`, `PERMISSION_CODE`, `RESOURCE_NAME`, `RESOURCE_TYPE`, `ROUTER_KEY`, `ROUTER_TEMPLATE_JS`, `ROUTER_TEMPLATE_URL`) values('956','portalUser','2017-07-11 17:39:41','portalUser','2017-07-11 17:39:41','0','00000001000000100000000100000004','861','1','Y','4','pharmaceuticalCare:combination:portalCombination:list','联合用药','LNK','pharmaceuticalCare/portalCombination-list','static/dist/portalCombination.js',NULL);
insert into `t_pt_sys_resource` (`id`, `create_by`, `create_date`, `last_modified_by`, `last_modified_date`, `version`, `NODE_CODE`, `PARENT_ID`, `APP_ID`, `IS_AVAILABLE`, `ORDERBY`, `PERMISSION_CODE`, `RESOURCE_NAME`, `RESOURCE_TYPE`, `ROUTER_KEY`, `ROUTER_TEMPLATE_JS`, `ROUTER_TEMPLATE_URL`) values('957','portalUser','2017-07-11 17:40:22','portalUser','2017-07-11 17:40:22','0','0000000100000010000000010000000300000001','955','1','Y','1','pharmaceuticalCare:combination:portalCombinationCategory:add','添加','BTN','#','#',NULL);
insert into `t_pt_sys_resource` (`id`, `create_by`, `create_date`, `last_modified_by`, `last_modified_date`, `version`, `NODE_CODE`, `PARENT_ID`, `APP_ID`, `IS_AVAILABLE`, `ORDERBY`, `PERMISSION_CODE`, `RESOURCE_NAME`, `RESOURCE_TYPE`, `ROUTER_KEY`, `ROUTER_TEMPLATE_JS`, `ROUTER_TEMPLATE_URL`) values('958','portalUser','2017-07-11 17:40:39','portalUser','2017-07-11 17:40:39','0','0000000100000010000000010000000300000002','955','1','Y','2','pharmaceuticalCare:combination:portalCombinationCategory:update','修改','BTN','#','#',NULL);
insert into `t_pt_sys_resource` (`id`, `create_by`, `create_date`, `last_modified_by`, `last_modified_date`, `version`, `NODE_CODE`, `PARENT_ID`, `APP_ID`, `IS_AVAILABLE`, `ORDERBY`, `PERMISSION_CODE`, `RESOURCE_NAME`, `RESOURCE_TYPE`, `ROUTER_KEY`, `ROUTER_TEMPLATE_JS`, `ROUTER_TEMPLATE_URL`) values('959','portalUser','2017-07-11 17:41:16','portalUser','2017-07-11 17:41:16','0','0000000100000010000000010000000300000003','955','1','Y','3','pharmaceuticalCare:combination:portalCombinationCategory:delete','删除','BTN','#','#',NULL);
insert into `t_pt_sys_resource` (`id`, `create_by`, `create_date`, `last_modified_by`, `last_modified_date`, `version`, `NODE_CODE`, `PARENT_ID`, `APP_ID`, `IS_AVAILABLE`, `ORDERBY`, `PERMISSION_CODE`, `RESOURCE_NAME`, `RESOURCE_TYPE`, `ROUTER_KEY`, `ROUTER_TEMPLATE_JS`, `ROUTER_TEMPLATE_URL`) values('960','portalUser','2017-07-11 17:42:22','portalUser','2017-07-11 17:42:22','0','0000000100000010000000010000000400000001','956','1','Y','1','pharmaceuticalCare:combination:portalCombination:add','添加','BTN','#','#',NULL);
insert into `t_pt_sys_resource` (`id`, `create_by`, `create_date`, `last_modified_by`, `last_modified_date`, `version`, `NODE_CODE`, `PARENT_ID`, `APP_ID`, `IS_AVAILABLE`, `ORDERBY`, `PERMISSION_CODE`, `RESOURCE_NAME`, `RESOURCE_TYPE`, `ROUTER_KEY`, `ROUTER_TEMPLATE_JS`, `ROUTER_TEMPLATE_URL`) values('961','portalUser','2017-07-11 17:42:34','portalUser','2017-07-11 17:42:34','0','0000000100000010000000010000000400000002','956','1','Y','2','pharmaceuticalCare:combination:portalCombination:detail','查看','BTN','#','#',NULL);
insert into `t_pt_sys_resource` (`id`, `create_by`, `create_date`, `last_modified_by`, `last_modified_date`, `version`, `NODE_CODE`, `PARENT_ID`, `APP_ID`, `IS_AVAILABLE`, `ORDERBY`, `PERMISSION_CODE`, `RESOURCE_NAME`, `RESOURCE_TYPE`, `ROUTER_KEY`, `ROUTER_TEMPLATE_JS`, `ROUTER_TEMPLATE_URL`) values('962','portalUser','2017-07-11 17:43:34','portalUser','2017-07-11 17:43:34','0','0000000100000010000000010000000400000003','956','1','Y','3','pharmaceuticalCare:combination:portalCombination:delete','删除','BTN','#','#',NULL);

insert into `t_pt_sys_menu` (`id`, `create_by`, `create_date`, `last_modified_by`, `last_modified_date`, `version`, `NODE_CODE`, `PARENT_ID`, `ICON`, `IS_AVAILABLE`, `MENU_NAME`, `MENU_TYPE`, `ORDERBY`, `RESOURCE_ID`) values('150','portalUser','2017-07-11 18:29:40','portalUser','2017-07-11 18:29:40','0','00000001000000100000000100000003','126','icon-kehuguanli','Y','联合用药分类','MENU','3','955');
insert into `t_pt_sys_menu` (`id`, `create_by`, `create_date`, `last_modified_by`, `last_modified_date`, `version`, `NODE_CODE`, `PARENT_ID`, `ICON`, `IS_AVAILABLE`, `MENU_NAME`, `MENU_TYPE`, `ORDERBY`, `RESOURCE_ID`) values('151','portalUser','2017-07-11 18:29:57','portalUser','2017-07-11 18:29:57','0','00000001000000100000000100000004','126','icon-kehuguanli','Y','联合用药','MENU','4','956');

insert into `t_pt_sys_role_menu` (`create_by`, `create_date`, `last_modified_by`, `last_modified_date`, `version`, `MENU_ID`, `ROLE_ID`) values('portalUser','2017-07-11 18:29:40','portalUser','2017-07-11 18:29:40','0','150','1');
insert into `t_pt_sys_role_menu` (`create_by`, `create_date`, `last_modified_by`, `last_modified_date`, `version`, `MENU_ID`, `ROLE_ID`) values('portalUser','2017-07-11 18:29:57','portalUser','2017-07-11 18:29:57','0','151','1');

insert into `t_pt_sys_role_permission` ( `create_by`, `create_date`, `last_modified_by`, `last_modified_date`, `version`, `RESOURCE_ID`, `ROLE_ID`) values('portalUser','2017-07-11 17:40:22','portalUser','2017-07-11 17:40:22','0','957','1');
insert into `t_pt_sys_role_permission` ( `create_by`, `create_date`, `last_modified_by`, `last_modified_date`, `version`, `RESOURCE_ID`, `ROLE_ID`) values('portalUser','2017-07-11 17:40:39','portalUser','2017-07-11 17:40:39','0','958','1');
insert into `t_pt_sys_role_permission` ( `create_by`, `create_date`, `last_modified_by`, `last_modified_date`, `version`, `RESOURCE_ID`, `ROLE_ID`) values('portalUser','2017-07-11 17:41:16','portalUser','2017-07-11 17:41:16','0','959','1');
insert into `t_pt_sys_role_permission` ( `create_by`, `create_date`, `last_modified_by`, `last_modified_date`, `version`, `RESOURCE_ID`, `ROLE_ID`) values('portalUser','2017-07-11 17:42:22','portalUser','2017-07-11 17:42:22','0','960','1');
insert into `t_pt_sys_role_permission` ( `create_by`, `create_date`, `last_modified_by`, `last_modified_date`, `version`, `RESOURCE_ID`, `ROLE_ID`) values('portalUser','2017-07-11 17:42:34','portalUser','2017-07-11 17:42:34','0','961','1');
insert into `t_pt_sys_role_permission` ( `create_by`, `create_date`, `last_modified_by`, `last_modified_date`, `version`, `RESOURCE_ID`, `ROLE_ID`) values('portalUser','2017-07-11 17:43:34','portalUser','2017-07-11 17:43:34','0','962','1');